<?xml version="1.0" encoding="UTF-8"?>

<module>
  <header originalName="TIP_IA_CommonModel" moduleID="TIP_Framework_IA_CommonModel" build="0.4.6.v200905071426" date="2009.05.26-09.38"/>
  <details name="TIP_IA_CommonModel" version="0.1">
    <description>This project includes all the common Operational Model (OM) definitions used by all TMF Interface features.</description>
  </details>
  <artifacts>
    <artifact name="org.tmforum.tip.common.events.BaseEvent" type="org.eclipse.tigerstripe.workbench.internal.core.model.EventArtifact">/*******************************************************************************
 * Created with Tigerstripe(tm) Workbench v.0.4.6.v200905071426
 * Copyright (c) 2007 Cisco Systems, Inc.
 * All rights reserved. This program and the accompanying materials
 * are made available under the terms of the Eclipse Public License v1.0
 * which accompanies this distribution, and is available at
 * http://www.eclipse.org/legal/epl-v10.html
 *
 * DO NOT EDIT THIS FILE - Created with Tigerstripe(tm) Workbench
 *
 *******************************************************************************/
package org.tmforum.tip.common.events;


/**
 * This is the abstract definition used for all TMF Interface events.
 *
 * @tigerstripe.event
 *      isSingleExtensionType="false"
 *		isAbstract = "true"
 *		implements = ""
 *
 * @tigerstripe.interface package = "$artifact.IStandardSpecifics.InterfaceProperties.get("
 *      generate = "true"
 *
 * @tigerstripe.stereotype st.name = "version"
 *    revision = ""
 *    minor = "01"
 *    major = "00"
 * 
 */
public class BaseEvent
 {




    /**
     * The uniqueness and the sequence of the notificationId are not guaranteed.
     * @tigerstripe.field 
     *  isOptional = "false"
     *  isReadOnly = "true"
     *  isOrdered = "false"
     *  isUnique = "true"
     *  typeMultiplicity = "1"
     *   ref-by = "value"
     *
     *
     * 
     */
	public int notificationId;


    /**
     * The time at which the event was reported by the source system (NE, EMS or OS).
     * @tigerstripe.field 
     *  isOptional = "false"
     *  isReadOnly = "false"
     *  isOrdered = "false"
     *  isUnique = "true"
     *  typeMultiplicity = "1"
     *   ref-by = "value"
     *
     *
     * 
     */
	public primitive.time sourceTime;

}
</artifact>    <artifact name="org.tmforum.tip.common.exceptions.BaseException" type="org.eclipse.tigerstripe.workbench.internal.core.model.ExceptionArtifact">/*******************************************************************************
 * Created with Tigerstripe(tm) Workbench v.0.4.5.v200901141537
 * Copyright (c) 2007 Cisco Systems, Inc.
 * All rights reserved. This program and the accompanying materials
 * are made available under the terms of the Eclipse Public License v1.0
 * which accompanies this distribution, and is available at
 * http://www.eclipse.org/legal/epl-v10.html
 *
 * DO NOT EDIT THIS FILE - Created with Tigerstripe(tm) Workbench
 *
 *******************************************************************************/
package org.tmforum.tip.common.exceptions;


/**
 * This is the base definition of all exceptions used by the TMF Interface operations.
 *
 * @tigerstripe.exception
 *		isAbstract = "true"
 *		implements = ""
 * @tigerstripe.interface package = "$artifact.IStandardSpecifics.InterfaceProperties.get("
 *      generate = "true"
 *
 * @tigerstripe.stereotype st.name = "version"
 *    major = "00"
 *    minor = "01"
 *    revision = ""
 * 
 */
public abstract class BaseException
  extends java.lang.Exception
 {
	
	// not important since this class will never be serialized.
	private static final long serialVersionUID = -1L;



    /**
     * Short free string to define the reason the exception was raised.
     * @tigerstripe.field 
     *  isOptional = "false"
     *  isReadOnly = "false"
     *  isOrdered = "false"
     *  isUnique = "true"
     *  typeMultiplicity = "1"
     *   ref-by = "value"
     *
     *
     * 
     */
	public java.lang.String reason;


    /**
     * The more specific details about the exception.
     * @tigerstripe.field 
     *  isOptional = "false"
     *  isReadOnly = "false"
     *  isOrdered = "false"
     *  isUnique = "true"
     *  typeMultiplicity = "1"
     *   ref-by = "value"
     *
     *
     * 
     */
	public java.lang.String details;


}
</artifact>    <artifact name="org.tmforum.tip.common.exceptions.UnableToComply" type="org.eclipse.tigerstripe.workbench.internal.core.model.ExceptionArtifact">/*******************************************************************************
 * Created with Tigerstripe(tm) Workbench v.0.4.6.v200905071426
 * Copyright (c) 2007 Cisco Systems, Inc.
 * All rights reserved. This program and the accompanying materials
 * are made available under the terms of the Eclipse Public License v1.0
 * which accompanies this distribution, and is available at
 * http://www.eclipse.org/legal/epl-v10.html
 *
 * DO NOT EDIT THIS FILE - Created with Tigerstripe(tm) Workbench
 *
 *******************************************************************************/
package org.tmforum.tip.common.exceptions;


/**
 * This is the type of exception raised when the operation fails due to context limitations and/or based on the given inputs.
 *
 * @tigerstripe.exception
 *		isAbstract = "false"
 *		implements = ""
 * @tigerstripe.interface package = "$artifact.IStandardSpecifics.InterfaceProperties.get("
 *      generate = "true"
 *
 * @tigerstripe.stereotype st.name = "tipExceptionProp"
 *    basicExceptionProfile = "true"
 * 
 */
public abstract class UnableToComply
  extends org.tmforum.tip.common.exceptions.BaseException
 {
	
	// not important since this class will never be serialized.
	private static final long serialVersionUID = -1L;



}
</artifact>    <artifact name="org.tmforum.tip.common.naming.NameValuePairList" type="org.eclipse.tigerstripe.workbench.internal.core.model.DatatypeArtifact">/*******************************************************************************
 * Created with Tigerstripe(tm) Workbench v.0.4.6.v200905071426
 * Copyright (c) 2007 Cisco Systems, Inc.
 * All rights reserved. This program and the accompanying materials
 * are made available under the terms of the Eclipse Public License v1.0
 * which accompanies this distribution, and is available at
 * http://www.eclipse.org/legal/epl-v10.html
 *
 * DO NOT EDIT THIS FILE - Created with Tigerstripe(tm) Workbench
 *
 *******************************************************************************/
package org.tmforum.tip.common.naming;


/**
 * The generic list of parameter definitions as name=value.
 *
 * @tigerstripe.datatype
 *		isAbstract = "false"
 *      isSingleExtensionType="false"
 *      isSessionFactoryMethods="false"
 *		implements = ""
 * @tigerstripe.interface package = "$artifact.IStandardSpecifics.InterfaceProperties.get("
 *      generate = "true"
 * * 
 */
public abstract class NameValuePairList
 {



    /**
     * An instance of NVP.
     * @tigerstripe.field 
     *  isOptional = "false"
     *  isReadOnly = "false"
     *  isOrdered = "false"
     *  isUnique = "true"
     *  typeMultiplicity = "0..*"
     *   ref-by = "value"
     *
     *
     * 
     */
	public org.tmforum.tip.common.naming.NameValuePair[] nvp;


}
</artifact>    <artifact name="org.tmforum.tip.common.events" type="org.eclipse.tigerstripe.workbench.internal.core.model.PackageArtifact">/*******************************************************************************
 * Created with Tigerstripe(tm) Workbench v.0.4.6.v200905071426
 * Copyright (c) 2007 Cisco Systems, Inc.
 * All rights reserved. This program and the accompanying materials
 * are made available under the terms of the Eclipse Public License v1.0
 * which accompanies this distribution, and is available at
 * http://www.eclipse.org/legal/epl-v10.html
 *
 * DO NOT EDIT THIS FILE - Created with Tigerstripe(tm) Workbench
 *
 *******************************************************************************/
package org.tmforum.tip.common;


/**
 * The package with all TIP common event model definitions.
 *
 * @tigerstripe.package
 *		isAbstract = "false"
 *		implements = ""
 * @tigerstripe.interface package = "$artifact.IStandardSpecifics.InterfaceProperties.get("package")"
 *      generate = "true"
 * * 
 */
public abstract class events
 {
	
	// not important since this class will never be serialized.
	private static final long serialVersionUID = -1L;

}
</artifact>    <artifact name="org.tmforum.tip" type="org.eclipse.tigerstripe.workbench.internal.core.model.PackageArtifact">/*******************************************************************************
 * Created with Tigerstripe(tm) Workbench v.0.4.6.v200905071426
 * Copyright (c) 2007 Cisco Systems, Inc.
 * All rights reserved. This program and the accompanying materials
 * are made available under the terms of the Eclipse Public License v1.0
 * which accompanies this distribution, and is available at
 * http://www.eclipse.org/legal/epl-v10.html
 *
 * DO NOT EDIT THIS FILE - Created with Tigerstripe(tm) Workbench
 *
 *******************************************************************************/
package org.tmforum;


/**
 * 
 *
 * @tigerstripe.package
 *		isAbstract = "false"
 *		implements = ""
 * @tigerstripe.interface package = "$artifact.IStandardSpecifics.InterfaceProperties.get("package")"
 *      generate = "true"
 * * 
 */
public abstract class tip
 {
	
	// not important since this class will never be serialized.
	private static final long serialVersionUID = -1L;

}
</artifact>    <artifact name="org.tmforum" type="org.eclipse.tigerstripe.workbench.internal.core.model.PackageArtifact">/*******************************************************************************
 * Created with Tigerstripe(tm) Workbench v.0.4.5.v200901141537
 * Copyright (c) 2007 Cisco Systems, Inc.
 * All rights reserved. This program and the accompanying materials
 * are made available under the terms of the Eclipse Public License v1.0
 * which accompanies this distribution, and is available at
 * http://www.eclipse.org/legal/epl-v10.html
 *
 * DO NOT EDIT THIS FILE - Created with Tigerstripe(tm) Workbench
 *
 *******************************************************************************/
package org;


/**
 * 
 *
 * @tigerstripe.package
 *		isAbstract = "false"
 *		implements = ""
 * @tigerstripe.interface package = "$artifact.IStandardSpecifics.InterfaceProperties.get("package")"
 *      generate = "true"
 * * 
 */
public abstract class tmforum
 {
	
	// not important since this class will never be serialized.
	private static final long serialVersionUID = -1L;

}
</artifact>    <artifact name="org.tmforum.tip.common.naming.EntityIdentifierList" type="org.eclipse.tigerstripe.workbench.internal.core.model.DatatypeArtifact">/*******************************************************************************
 * Created with Tigerstripe(tm) Workbench v.0.4.6.v200905071426
 * Copyright (c) 2007 Cisco Systems, Inc.
 * All rights reserved. This program and the accompanying materials
 * are made available under the terms of the Eclipse Public License v1.0
 * which accompanies this distribution, and is available at
 * http://www.eclipse.org/legal/epl-v10.html
 *
 * DO NOT EDIT THIS FILE - Created with Tigerstripe(tm) Workbench
 *
 *******************************************************************************/
package org.tmforum.tip.common.naming;


/**
 * This is the data type definition used for the list of entity identifiers.
 *
 * @tigerstripe.datatype
 *		isAbstract = "false"
 *      isSingleExtensionType="false"
 *      isSessionFactoryMethods="false"
 *		implements = ""
 * @tigerstripe.interface package = "$artifact.IStandardSpecifics.InterfaceProperties.get("
 *      generate = "true"
 * * 
 */
public abstract class EntityIdentifierList
 {



    /**
     * The id of en entity instance.
     * @tigerstripe.field 
     *  isOptional = "false"
     *  isReadOnly = "false"
     *  isOrdered = "false"
     *  isUnique = "false"
     *  typeMultiplicity = "0..*"
     *   ref-by = "value"
     *
     *
     * 
     */
	public org.tmforum.tip.common.naming.EntityIdentifier[] id;


}
</artifact>    <artifact name="org" type="org.eclipse.tigerstripe.workbench.internal.core.model.PackageArtifact">/*******************************************************************************
 * Created with Tigerstripe(tm) Workbench v.0.4.5.v200901141537
 * Copyright (c) 2007 Cisco Systems, Inc.
 * All rights reserved. This program and the accompanying materials
 * are made available under the terms of the Eclipse Public License v1.0
 * which accompanies this distribution, and is available at
 * http://www.eclipse.org/legal/epl-v10.html
 *
 * DO NOT EDIT THIS FILE - Created with Tigerstripe(tm) Workbench
 *
 *******************************************************************************/


/**
 * 
 *
 * @tigerstripe.package
 *		isAbstract = "false"
 *		implements = ""
 * @tigerstripe.interface package = "$artifact.IStandardSpecifics.InterfaceProperties.get("package")"
 *      generate = "true"
 * * 
 */
public abstract class org
 {
	
	// not important since this class will never be serialized.
	private static final long serialVersionUID = -1L;

}
</artifact>    <artifact name="org.tmforum.tip.common.events.ProcessStates" type="org.eclipse.tigerstripe.workbench.internal.core.model.EnumArtifact">/*******************************************************************************
 * Created with Tigerstripe(tm) Workbench v.0.4.5.v200901141537
 * Copyright (c) 2007 Cisco Systems, Inc.
 * All rights reserved. This program and the accompanying materials
 * are made available under the terms of the Eclipse Public License v1.0
 * which accompanies this distribution, and is available at
 * http://www.eclipse.org/legal/epl-v10.html
 *
 * DO NOT EDIT THIS FILE - Created with Tigerstripe(tm) Workbench
 *
 *******************************************************************************/
package org.tmforum.tip.common.events;


/**
 * The definition of a simple process execution states.
 *
 * @tigerstripe.enum
 *		isAbstract = "false"
 *      base-type="String"
 *      extensible="false"
 * @tigerstripe.interface package = "$artifact.IStandardSpecifics.InterfaceProperties.get("
 *      generate = "true"
 *
 * @tigerstripe.stereotype st.name = "version"
 *    major = "00"
 *    minor = "01"
 *    revision = ""
 * 
 */
public abstract class ProcessStates
 {


    /**
     * The process is active.
     * @tigerstripe.label
     *  value = '"0"'
     *  
     *
     * 
     */
    public final static java.lang.String IN_PROGRESS = "0";


    /**
     * The process is finished.
     * @tigerstripe.label
     *  value = '"1"'
     *  
     *
     * 
     */
    public final static java.lang.String COMPLETED = "1";


    /**
     * The process has failed.
     * @tigerstripe.label
     *  value = '"2"'
     *  
     *
     * 
     */
    public final static java.lang.String FAILED = "2";

}
</artifact>    <artifact name="org.tmforum.tip.common.naming.EntityIdentifier" type="org.eclipse.tigerstripe.workbench.internal.core.model.DatatypeArtifact">/*******************************************************************************
 * Created with Tigerstripe(tm) Workbench v.0.4.6.v200905071426
 * Copyright (c) 2007 Cisco Systems, Inc.
 * All rights reserved. This program and the accompanying materials
 * are made available under the terms of the Eclipse Public License v1.0
 * which accompanies this distribution, and is available at
 * http://www.eclipse.org/legal/epl-v10.html
 *
 * DO NOT EDIT THIS FILE - Created with Tigerstripe(tm) Workbench
 *
 *******************************************************************************/
package org.tmforum.tip.common.naming;


/**
 * This is the data type definition used for the TIP entity identifier.
It is based on the Distinguished Name (DN) construct.
 *
 * @tigerstripe.datatype
 *		isAbstract = "false"
 *      isSingleExtensionType="false"
 *      isSessionFactoryMethods="false"
 *		implements = ""
 * @tigerstripe.interface package = "$artifact.IStandardSpecifics.InterfaceProperties.get("
 *      generate = "true"
 * * 
 */
public abstract class EntityIdentifier
 {



    /**
     * The Relative Distinguished Name (RDN) instance based on the NVP.
     * @tigerstripe.field 
     *  isOptional = "false"
     *  isReadOnly = "false"
     *  isOrdered = "false"
     *  isUnique = "false"
     *  typeMultiplicity = "1..*"
     *   ref-by = "value"
     *
     *
     * 
     */
	public org.tmforum.tip.common.naming.NameValuePair[] rdn;


    /**
     * 
     * @tigerstripe.field 
     *  isOptional = "false"
     *  isReadOnly = "false"
     *  isOrdered = "false"
     *  isUnique = "true"
     *  typeMultiplicity = "0..1"
     *   ref-by = "value"
     *
     *
     * 
     */
	public java.lang.String dialect;


}
</artifact>    <artifact name="org.tmforum.tip.common" type="org.eclipse.tigerstripe.workbench.internal.core.model.PackageArtifact">/*******************************************************************************
 * Created with Tigerstripe(tm) Workbench v.0.4.6.v200905071426
 * Copyright (c) 2007 Cisco Systems, Inc.
 * All rights reserved. This program and the accompanying materials
 * are made available under the terms of the Eclipse Public License v1.0
 * which accompanies this distribution, and is available at
 * http://www.eclipse.org/legal/epl-v10.html
 *
 * DO NOT EDIT THIS FILE - Created with Tigerstripe(tm) Workbench
 *
 *******************************************************************************/
package org.tmforum.tip;


/**
 * The package with all TIP common model definitions.
 *
 * @tigerstripe.package
 *		isAbstract = "false"
 *		implements = ""
 * @tigerstripe.interface package = "$artifact.IStandardSpecifics.InterfaceProperties.get("package")"
 *      generate = "true"
 * * 
 */
public abstract class common
 {
	
	// not important since this class will never be serialized.
	private static final long serialVersionUID = -1L;

}
</artifact>    <artifact name="org.tmforum.tip.common.events.ProcessStatusWithData" type="org.eclipse.tigerstripe.workbench.internal.core.model.EventArtifact">/*******************************************************************************
 * Created with Tigerstripe(tm) Workbench v.0.4.6.v200905071426
 * Copyright (c) 2007 Cisco Systems, Inc.
 * All rights reserved. This program and the accompanying materials
 * are made available under the terms of the Eclipse Public License v1.0
 * which accompanies this distribution, and is available at
 * http://www.eclipse.org/legal/epl-v10.html
 *
 * DO NOT EDIT THIS FILE - Created with Tigerstripe(tm) Workbench
 *
 *******************************************************************************/
package org.tmforum.tip.common.events;


/**
 * 
 *
 * @tigerstripe.event
 *      isSingleExtensionType="false"
 *		isAbstract = "false"
 *		implements = ""
 *
 * @tigerstripe.interface package = "$artifact.IStandardSpecifics.InterfaceProperties.get("
 *      generate = "true"
 *
 * @tigerstripe.stereotype st.name = "version"
 *    revision = ""
 *    minor = "01"
 *    major = "00"
 * 
 */
public class ProcessStatusWithData
  extends org.tmforum.tip.common.events.ProcessStatus
 {




    /**
     * 
     * @tigerstripe.field 
     *  isOptional = "false"
     *  isReadOnly = "false"
     *  isOrdered = "false"
     *  isUnique = "true"
     *  typeMultiplicity = "1"
     *   ref-by = "value"
     *
     *
     * 
     */
	public primitive.unknown data;


    /**
     * The dataset number that can be used to track its order among all of datasets sent until completion of the process.
     * @tigerstripe.field 
     *  isOptional = "false"
     *  isReadOnly = "false"
     *  isOrdered = "false"
     *  isUnique = "true"
     *  typeMultiplicity = "1"
     *   ref-by = "value"
     *
     *
     * 
     */
	public long sequenceNumber;

}
</artifact>    <artifact name="org.tmforum.tip.common.exceptions.NotImplemented" type="org.eclipse.tigerstripe.workbench.internal.core.model.ExceptionArtifact">/*******************************************************************************
 * Created with Tigerstripe(tm) Workbench v.0.4.6.v200905071426
 * Copyright (c) 2007 Cisco Systems, Inc.
 * All rights reserved. This program and the accompanying materials
 * are made available under the terms of the Eclipse Public License v1.0
 * which accompanies this distribution, and is available at
 * http://www.eclipse.org/legal/epl-v10.html
 *
 * DO NOT EDIT THIS FILE - Created with Tigerstripe(tm) Workbench
 *
 *******************************************************************************/
package org.tmforum.tip.common.exceptions;


/**
 * This is the type of exception raised when the operation is not implemented.
 *
 * @tigerstripe.exception
 *		isAbstract = "false"
 *		implements = ""
 * @tigerstripe.interface package = "$artifact.IStandardSpecifics.InterfaceProperties.get("
 *      generate = "true"
 *
 * @tigerstripe.stereotype st.name = "tipExceptionProp"
 *    basicExceptionProfile = "true"
 * 
 */
public abstract class NotImplemented
  extends org.tmforum.tip.common.exceptions.BaseException
 {
	
	// not important since this class will never be serialized.
	private static final long serialVersionUID = -1L;



}
</artifact>    <artifact name="org.tmforum.tip.common.exceptions.CapacityExceeded" type="org.eclipse.tigerstripe.workbench.internal.core.model.ExceptionArtifact">/*******************************************************************************
 * Created with Tigerstripe(tm) Workbench v.0.4.6.v200905071426
 * Copyright (c) 2007 Cisco Systems, Inc.
 * All rights reserved. This program and the accompanying materials
 * are made available under the terms of the Eclipse Public License v1.0
 * which accompanies this distribution, and is available at
 * http://www.eclipse.org/legal/epl-v10.html
 *
 * DO NOT EDIT THIS FILE - Created with Tigerstripe(tm) Workbench
 *
 *******************************************************************************/
package org.tmforum.tip.common.exceptions;


/**
 * This is the type of exception raised when the operation fails due to resources being created or activated beyond the capacity supported.
 *
 * @tigerstripe.exception
 *		isAbstract = "false"
 *		implements = ""
 * @tigerstripe.interface package = "$artifact.IStandardSpecifics.InterfaceProperties.get("
 *      generate = "true"
 * * 
 */
public abstract class CapacityExceeded
  extends org.tmforum.tip.common.exceptions.BaseException
 {
	
	// not important since this class will never be serialized.
	private static final long serialVersionUID = -1L;



}
</artifact>    <artifact name="org.tmforum.tip.common.exceptions" type="org.eclipse.tigerstripe.workbench.internal.core.model.PackageArtifact">/*******************************************************************************
 * Created with Tigerstripe(tm) Workbench v.0.4.6.v200905071426
 * Copyright (c) 2007 Cisco Systems, Inc.
 * All rights reserved. This program and the accompanying materials
 * are made available under the terms of the Eclipse Public License v1.0
 * which accompanies this distribution, and is available at
 * http://www.eclipse.org/legal/epl-v10.html
 *
 * DO NOT EDIT THIS FILE - Created with Tigerstripe(tm) Workbench
 *
 *******************************************************************************/
package org.tmforum.tip.common;


/**
 * The package with all TIP common exception model definitions.
 *
 * @tigerstripe.package
 *		isAbstract = "false"
 *		implements = ""
 * @tigerstripe.interface package = "$artifact.IStandardSpecifics.InterfaceProperties.get("package")"
 *      generate = "true"
 * * 
 */
public abstract class exceptions
 {
	
	// not important since this class will never be serialized.
	private static final long serialVersionUID = -1L;

}
</artifact>    <artifact name="org.tmforum.tip.common.exceptions.InvalidInput" type="org.eclipse.tigerstripe.workbench.internal.core.model.ExceptionArtifact">/*******************************************************************************
 * Created with Tigerstripe(tm) Workbench v.0.4.6.v200905071426
 * Copyright (c) 2007 Cisco Systems, Inc.
 * All rights reserved. This program and the accompanying materials
 * are made available under the terms of the Eclipse Public License v1.0
 * which accompanies this distribution, and is available at
 * http://www.eclipse.org/legal/epl-v10.html
 *
 * DO NOT EDIT THIS FILE - Created with Tigerstripe(tm) Workbench
 *
 *******************************************************************************/
package org.tmforum.tip.common.exceptions;


/**
 * This is the type of exception raised for all failures related to operation input parameters.
 *
 * @tigerstripe.exception
 *		isAbstract = "false"
 *		implements = ""
 * @tigerstripe.interface package = "$artifact.IStandardSpecifics.InterfaceProperties.get("
 *      generate = "true"
 * * 
 */
public abstract class InvalidInput
  extends org.tmforum.tip.common.exceptions.BaseException
 {
	
	// not important since this class will never be serialized.
	private static final long serialVersionUID = -1L;



}
</artifact>    <artifact name="org.tmforum.tip.common.naming.NameValuePair" type="org.eclipse.tigerstripe.workbench.internal.core.model.DatatypeArtifact">/*******************************************************************************
 * Created with Tigerstripe(tm) Workbench v.0.4.6.v200905071426
 * Copyright (c) 2007 Cisco Systems, Inc.
 * All rights reserved. This program and the accompanying materials
 * are made available under the terms of the Eclipse Public License v1.0
 * which accompanies this distribution, and is available at
 * http://www.eclipse.org/legal/epl-v10.html
 *
 * DO NOT EDIT THIS FILE - Created with Tigerstripe(tm) Workbench
 *
 *******************************************************************************/
package org.tmforum.tip.common.naming;


/**
 * This is the lose definition of a parameter as Name=Value pair (NVP).
 *
 * @tigerstripe.datatype
 *		isAbstract = "false"
 *      isSingleExtensionType="false"
 *      isSessionFactoryMethods="false"
 *		implements = ""
 * @tigerstripe.interface package = "$artifact.IStandardSpecifics.InterfaceProperties.get("
 *      generate = "true"
 * * 
 */
public abstract class NameValuePair
 {



    /**
     * The name of the parameter.
     * @tigerstripe.field 
     *  isOptional = "false"
     *  isReadOnly = "false"
     *  isOrdered = "false"
     *  isUnique = "true"
     *  typeMultiplicity = "1"
     *   ref-by = "value"
     *
     *
     * 
     */
	public java.lang.String name;


    /**
     * The value of the parameter.
     * @tigerstripe.field 
     *  isOptional = "false"
     *  isReadOnly = "false"
     *  isOrdered = "false"
     *  isUnique = "true"
     *  typeMultiplicity = "1"
     *   ref-by = "value"
     *
     *
     * 
     */
	public java.lang.String value;


}
</artifact>    <artifact name="org.tmforum.tip.common.exceptions.InternalError" type="org.eclipse.tigerstripe.workbench.internal.core.model.ExceptionArtifact">/*******************************************************************************
 * Created with Tigerstripe(tm) Workbench v.0.4.6.v200905071426
 * Copyright (c) 2007 Cisco Systems, Inc.
 * All rights reserved. This program and the accompanying materials
 * are made available under the terms of the Eclipse Public License v1.0
 * which accompanies this distribution, and is available at
 * http://www.eclipse.org/legal/epl-v10.html
 *
 * DO NOT EDIT THIS FILE - Created with Tigerstripe(tm) Workbench
 *
 *******************************************************************************/
package org.tmforum.tip.common.exceptions;


/**
 * This is the type of exception raised for all system failures.
 *
 * @tigerstripe.exception
 *		isAbstract = "false"
 *		implements = ""
 * @tigerstripe.interface package = "$artifact.IStandardSpecifics.InterfaceProperties.get("
 *      generate = "true"
 *
 * @tigerstripe.stereotype st.name = "tipExceptionProp"
 *    basicExceptionProfile = "true"
 * 
 */
public abstract class InternalError
  extends org.tmforum.tip.common.exceptions.BaseException
 {
	
	// not important since this class will never be serialized.
	private static final long serialVersionUID = -1L;



}
</artifact>    <artifact name="org.tmforum.tip.common.exceptions.CommunicationLoss" type="org.eclipse.tigerstripe.workbench.internal.core.model.ExceptionArtifact">/*******************************************************************************
 * Created with Tigerstripe(tm) Workbench v.0.4.6.v200905071426
 * Copyright (c) 2007 Cisco Systems, Inc.
 * All rights reserved. This program and the accompanying materials
 * are made available under the terms of the Eclipse Public License v1.0
 * which accompanies this distribution, and is available at
 * http://www.eclipse.org/legal/epl-v10.html
 *
 * DO NOT EDIT THIS FILE - Created with Tigerstripe(tm) Workbench
 *
 *******************************************************************************/
package org.tmforum.tip.common.exceptions;


/**
 * This is the type of exception raised for all underlying communication failures.
 *
 * @tigerstripe.exception
 *		isAbstract = "false"
 *		implements = ""
 * @tigerstripe.interface package = "$artifact.IStandardSpecifics.InterfaceProperties.get("
 *      generate = "true"
 * * 
 */
public abstract class CommunicationLoss
  extends org.tmforum.tip.common.exceptions.BaseException
 {
	
	// not important since this class will never be serialized.
	private static final long serialVersionUID = -1L;



}
</artifact>    <artifact name="org.tmforum.tip.common.exceptions.AccessDenied" type="org.eclipse.tigerstripe.workbench.internal.core.model.ExceptionArtifact">/*******************************************************************************
 * Created with Tigerstripe(tm) Workbench v.0.4.6.v200905071426
 * Copyright (c) 2007 Cisco Systems, Inc.
 * All rights reserved. This program and the accompanying materials
 * are made available under the terms of the Eclipse Public License v1.0
 * which accompanies this distribution, and is available at
 * http://www.eclipse.org/legal/epl-v10.html
 *
 * DO NOT EDIT THIS FILE - Created with Tigerstripe(tm) Workbench
 *
 *******************************************************************************/
package org.tmforum.tip.common.exceptions;


/**
 * This is the type of exception raised when the operation fails for security reasons.
 *
 * @tigerstripe.exception
 *		isAbstract = "false"
 *		implements = ""
 * @tigerstripe.interface package = "$artifact.IStandardSpecifics.InterfaceProperties.get("
 *      generate = "true"
 *
 * @tigerstripe.stereotype st.name = "tipExceptionProp"
 *    basicExceptionProfile = "true"
 * 
 */
public abstract class AccessDenied
  extends org.tmforum.tip.common.exceptions.BaseException
 {
	
	// not important since this class will never be serialized.
	private static final long serialVersionUID = -1L;



}
</artifact>    <artifact name="org.tmforum.tip.common.events.ProcessStatus" type="org.eclipse.tigerstripe.workbench.internal.core.model.EventArtifact">/*******************************************************************************
 * Created with Tigerstripe(tm) Workbench v.0.4.6.v200905071426
 * Copyright (c) 2007 Cisco Systems, Inc.
 * All rights reserved. This program and the accompanying materials
 * are made available under the terms of the Eclipse Public License v1.0
 * which accompanies this distribution, and is available at
 * http://www.eclipse.org/legal/epl-v10.html
 *
 * DO NOT EDIT THIS FILE - Created with Tigerstripe(tm) Workbench
 *
 *******************************************************************************/
package org.tmforum.tip.common.events;


/**
 * This is a generic event definition used to provide an update about the status of a process.
 *
 * @tigerstripe.event
 *      isSingleExtensionType="false"
 *		isAbstract = "false"
 *		implements = ""
 *
 * @tigerstripe.interface package = "$artifact.IStandardSpecifics.InterfaceProperties.get("
 *      generate = "true"
 *
 * @tigerstripe.stereotype st.name = "version"
 *    revision = ""
 *    minor = "01"
 *    major = "00"
 * 
 */
public class ProcessStatus
  extends org.tmforum.tip.common.events.BaseEvent
 {




    /**
     * The progress level in percentage of the process execution.
     * @tigerstripe.field 
     *  isOptional = "false"
     *  isReadOnly = "false"
     *  isOrdered = "false"
     *  isUnique = "true"
     *  typeMultiplicity = "1"
     *   ref-by = "value"
     *
     *
     * 
     */
	public int percentComplete;


    /**
     * The state of the process.
     * @tigerstripe.field 
     *  isOptional = "false"
     *  isReadOnly = "false"
     *  isOrdered = "false"
     *  isUnique = "true"
     *  typeMultiplicity = "1"
     *  defaultValue = "IN_PROGRESS" 
     *   ref-by = "value"
     *
     *
     * 
     */
	public org.tmforum.tip.common.events.ProcessStates state;

}
</artifact>    <artifact name="org.tmforum.tip.common.naming" type="org.eclipse.tigerstripe.workbench.internal.core.model.PackageArtifact">/*******************************************************************************
 * Created with Tigerstripe(tm) Workbench v.0.4.6.v200905071426
 * Copyright (c) 2007 Cisco Systems, Inc.
 * All rights reserved. This program and the accompanying materials
 * are made available under the terms of the Eclipse Public License v1.0
 * which accompanies this distribution, and is available at
 * http://www.eclipse.org/legal/epl-v10.html
 *
 * DO NOT EDIT THIS FILE - Created with Tigerstripe(tm) Workbench
 *
 *******************************************************************************/
package org.tmforum.tip.common;


/**
 * The package with all TIP naming/identification common model definitions.
 *
 * @tigerstripe.package
 *		isAbstract = "false"
 *		implements = ""
 * @tigerstripe.interface package = "$artifact.IStandardSpecifics.InterfaceProperties.get("package")"
 *      generate = "true"
 * * 
 */
public abstract class naming
 {
	
	// not important since this class will never be serialized.
	private static final long serialVersionUID = -1L;

}
</artifact>  </artifacts></module>